{"cameraMode":{"drawMode":0,"name":"Shaded","section":"Shading Mode"},"sceneLighting":true,"audioPlay":false,"sceneViewState":{"m_AlwaysRefresh":false,"showFog":true,"showSkybox":true,"showFlares":true,"showImageEffects":true,"showParticleSystems":true,"showVisualEffectGraphs":true,"m_FxEnabled":true},"in2DMode":false,"pivot":{"x":-4.282057285308838,"y":2.751818895339966,"z":0.019550438970327379},"rotation":{"x":0.2939617335796356,"y":0.03158770129084587,"z":-0.009661970660090447,"w":0.9553672671318054},"size":0.4258872866630554,"orthographic":false}