{"cameraMode":{"drawMode":0,"name":"Shaded","section":"Shading Mode"},"sceneLighting":true,"audioPlay":false,"sceneViewState":{"m_AlwaysRefresh":false,"showFog":true,"showSkybox":true,"showFlares":true,"showImageEffects":true,"showParticleSystems":true,"showVisualEffectGraphs":true,"m_FxEnabled":true},"in2DMode":false,"pivot":{"x":0.8730055689811707,"y":1.0818543434143067,"z":1.6519135236740113},"rotation":{"x":-0.14470677077770234,"y":0.6853481531143189,"z":-0.1417832225561142,"w":-0.6994774341583252},"size":0.5420631766319275,"orthographic":false}