{"cameraMode":{"drawMode":0,"name":"Shaded","section":"Shading Mode"},"sceneLighting":true,"audioPlay":false,"sceneViewState":{"m_AlwaysRefresh":false,"showFog":true,"showSkybox":true,"showFlares":true,"showImageEffects":true,"showParticleSystems":true,"showVisualEffectGraphs":true,"m_FxEnabled":true},"in2DMode":false,"pivot":{"x":0.012770319357514382,"y":1.9264589548110963,"z":3.7581188678741457},"rotation":{"x":0.0021212457213550808,"y":0.9869386553764343,"z":-0.16131561994552613,"w":0.01903497986495495},"size":0.10296165943145752,"orthographic":false}