{"cameraMode":{"drawMode":0,"name":"Shaded","section":"Shading Mode"},"sceneLighting":false,"audioPlay":false,"sceneViewState":{"m_AlwaysRefresh":false,"showFog":true,"showSkybox":false,"showFlares":true,"showImageEffects":true,"showParticleSystems":true,"showVisualEffectGraphs":true,"m_FxEnabled":true},"in2DMode":false,"pivot":{"x":543.447509765625,"y":237.9228057861328,"z":579.8558959960938},"rotation":{"x":0.04648210480809212,"y":0.016519498080015184,"z":-0.0005830162554048002,"w":0.9988596439361572},"size":569.7501831054688,"orthographic":false}