{"cameraMode":{"drawMode":0,"name":"Shaded","section":"Shading Mode"},"sceneLighting":false,"audioPlay":false,"sceneViewState":{"m_AlwaysRefresh":false,"showFog":true,"showSkybox":false,"showFlares":true,"showImageEffects":true,"showParticleSystems":true,"showVisualEffectGraphs":true,"m_FxEnabled":true},"in2DMode":false,"pivot":{"x":478.74261474609377,"y":251.54708862304688,"z":581.3406372070313},"rotation":{"x":0.040485501289367679,"y":-0.011955097317695618,"z":0.0006701068487018347,"w":0.9991859197616577},"size":569.7501831054688,"orthographic":false}