{"cameraMode":{"drawMode":0,"name":"Shaded","section":"Shading Mode"},"sceneLighting":false,"audioPlay":false,"sceneViewState":{"m_AlwaysRefresh":false,"showFog":true,"showSkybox":false,"showFlares":true,"showImageEffects":true,"showParticleSystems":true,"showVisualEffectGraphs":true,"m_FxEnabled":true},"in2DMode":false,"pivot":{"x":-3.4879536628723146,"y":0.238506481051445,"z":3.093654155731201},"rotation":{"x":0.2939617335796356,"y":0.03158770129084587,"z":-0.009661970660090447,"w":0.9553672671318054},"size":0.40754765272140505,"orthographic":false}