{"cameraMode":{"drawMode":0,"name":"Shaded","section":"Shading Mode"},"sceneLighting":false,"audioPlay":false,"sceneViewState":{"m_AlwaysRefresh":false,"showFog":true,"showSkybox":false,"showFlares":true,"showImageEffects":true,"showParticleSystems":true,"showVisualEffectGraphs":true,"m_FxEnabled":true},"in2DMode":false,"pivot":{"x":-1.7236803770065308,"y":-8.137709617614746,"z":12.58908748626709},"rotation":{"x":-0.33489346504211428,"y":0.05056319758296013,"z":-0.017996609210968019,"w":-0.9407410025596619},"size":10.114964485168457,"orthographic":false}