{"cameraMode":{"drawMode":0,"name":"Shaded","section":"Shading Mode"},"sceneLighting":false,"audioPlay":false,"sceneViewState":{"m_AlwaysRefresh":false,"showFog":true,"showSkybox":false,"showFlares":true,"showImageEffects":true,"showParticleSystems":true,"showVisualEffectGraphs":true,"m_FxEnabled":true},"in2DMode":false,"pivot":{"x":-0.36272698640823367,"y":-0.6188136339187622,"z":-11.024288177490235},"rotation":{"x":-0.002024776767939329,"y":0.995540201663971,"z":-0.09285391867160797,"w":-0.02184232324361801},"size":7.068587303161621,"orthographic":false}