{"cameraMode":{"drawMode":0,"name":"Shaded","section":"Shading Mode"},"sceneLighting":false,"audioPlay":false,"sceneViewState":{"m_AlwaysRefresh":false,"showFog":true,"showSkybox":false,"showFlares":true,"showImageEffects":true,"showParticleSystems":true,"showVisualEffectGraphs":true,"m_FxEnabled":true},"in2DMode":false,"pivot":{"x":-0.026146141812205316,"y":1.1388986110687256,"z":-1.723140835762024},"rotation":{"x":0.16863515973091126,"y":-0.029544640332460405,"z":0.004977698903530836,"w":0.9853400588035584},"size":0.5208828449249268,"orthographic":false}