{"cameraMode":{"drawMode":0,"name":"Shaded","section":"Shading Mode"},"sceneLighting":false,"audioPlay":false,"sceneViewState":{"m_AlwaysRefresh":false,"showFog":true,"showSkybox":false,"showFlares":true,"showImageEffects":true,"showParticleSystems":true,"showVisualEffectGraphs":true,"m_FxEnabled":true},"in2DMode":false,"pivot":{"x":0.03916248306632042,"y":0.6483336091041565,"z":-0.007187843322753906},"rotation":{"x":-0.1225765198469162,"y":0.044674765318632129,"z":0.005603927653282881,"w":0.9915530681610107},"size":0.25980764627456667,"orthographic":false}